<?xml version="1.0" encoding="windows-1250"?>
<speakers>
	<speaker name="WesTweddle">
		<group name="Dwight_Q1_NF" near_radius="5.5" time_btw_series="188.000000">    <!-- Converted-->
			<state type="near" range="25.0" volume="1.000000">    <!-- Converted-->
				<dialog>
					<line id="Dwight_Q1_Near_01"/>
				</dialog>
				<dialog>
					<line id="Dwight_Q1_Near_02"/>
				</dialog>
				<dialog>
					<line id="Dwight_Q1_Near_03"/>
				</dialog>
			</state>
			<state type="near_to_middle" range="25.0" volume="1.000000">    <!-- Converted-->
				<dialog>
					<line id="Dwight_Q1_NearToMiddle"/>
				</dialog>
			</state>
			<state type="middle_to_near" range="100.0" volume="1.000000">    <!-- Converted-->
				<dialog>
					<line id="Dwight_Q1_MiddleToNear"/>
				</dialog>
			</state>
			<state type="use" range="25.0" volume="1.000000">    <!-- Converted-->
				<dialog>
					<line id="Dwight_Q1_Use"/>
					<decision>
						<choice>
							<speech>&amp;DialogSystem_Yes&amp;</speech>
							<audiofile/>
							<line id="Dwight_Q1_Agree"/>
						</choice>
						<main-choice>
							<speech>&amp;DialogSystem_No&amp;</speech>
							<audiofile/>
						</main-choice>
					</decision>
					<line id="Dwight_Q1_Disagree"/>
				</dialog>
			</state>
			<state type="use_second" range="25.0" volume="1.000000">    <!-- Converted-->
				<dialog>
					<line id="Dwight_Q1_Use_Second"/>
					<decision>
						<choice>
							<speech>&amp;DialogSystem_Yes&amp;</speech>
							<audiofile/>
							<line id="Dwight_Q1_Agree"/>
						</choice>
						<main-choice>
							<speech>&amp;DialogSystem_No&amp;</speech>
							<audiofile/>
						</main-choice>
					</decision>
					<line id="Dwight_Q1_Disagree"/>
				</dialog>
			</state>
			<state type="quest_brief" range="25.0" volume="1.000000">    <!-- Converted-->
				<dialog>
					<line>
						<speech>&amp;Dwight_Q1_Name&amp;</speech>
						<audiofile/>
					</line>
				</dialog>
				<dialog>
					<line>
						<speech>&amp;Dwight_Q1_PaperLine&amp;</speech>
						<audiofile/>
					</line>
				</dialog>
			</state>
		</group>
		<group name="Dwight_Q1_InProgress" time_btw_series="188.000000">
			<state type="middle_to_near" range="25.0" volume="1.000000">    <!-- Converted-->
				<dialog>
					<line id="Dwight_Q1_InProgress_01"/>
				</dialog>
				<dialog>
					<line id="Dwight_Q1_InProgress_02"/>
				</dialog>
				<dialog>
					<line id="Dwight_Q1_InProgress_03"/>
				</dialog>
			</state>
		</group>
		<group name="Dwight_Q1_Accomplished">
			<state type="use" range="25.0" volume="1.000000">    <!-- Converted-->
				<dialog attract_player="false">
					<line id="Dwight_Q1_Accomplished"/>
				</dialog>
			</state>
		</group>
		<group name="Dwight_ShopOpened" near_radius="3.0" time_btw_series="60.000000" random_order="true">    <!-- Converted-->
			<state type="near" range="25.0" volume="1.000000">    <!-- Converted-->
				<dialog>
					<line id="ArenaTrader_Near_01"/>
				</dialog>
				<dialog>
					<line id="ArenaTrader_Near_02"/>
				</dialog>
				<dialog>
					<line id="ArenaTrader_Near_03"/>
				</dialog>
				<dialog>
					<line id="ArenaTrader_Near_04"/>
				</dialog>
				<dialog>
					<line id="ArenaTrader_Near_05"/>
				</dialog>
				<dialog>
					<line id="ArenaTrader_Near_06"/>
				</dialog>
				<dialog>
					<line id="ArenaTrader_Near_07"/>
				</dialog>
				<dialog>
					<line id="ArenaTrader_Near_08"/>
				</dialog>
				<dialog>
					<line id="ArenaTrader_Near_09"/>
				</dialog>
				<dialog>
					<line id="ArenaTrader_Near_10"/>
				</dialog>
				<dialog>
					<line id="ArenaTrader_Near_11"/>
				</dialog>
				<dialog>
					<line id="ArenaTrader_Near_12"/>
				</dialog>
				<dialog>
					<line id="ArenaTrader_Near_13"/>
				</dialog>
				<dialog>
					<line id="ArenaTrader_Near_14"/>
				</dialog>
				<dialog>
					<line id="ArenaTrader_Near_15"/>
				</dialog>
				<dialog>
					<line id="ArenaTrader_Near_16"/>
				</dialog>
			</state>
		</group>
	</speaker>
	<speaker name="Soldier001">
		<group name="Soldier001_NF_01" near_radius="2.5" middle_radius="5.0" time_btw_series="60.000000" random_order="true">    <!-- Converted-->
			<state type="near" range="27.04" volume="1.000000">    <!-- Converted-->
				<dialog>
					<line id="Arena_C_Guard_01"/>
				</dialog>
				<dialog>
					<line id="Arena_C_Guard_02"/>
				</dialog>
				<dialog>
					<line id="Arena_C_Guard_03"/>
				</dialog>
				<dialog>
					<line id="Arena_C_Guard_04"/>
				</dialog>
				<dialog>
					<line id="Arena_C_Guard_05"/>
				</dialog>
			</state>
		</group>
	</speaker>
	<speaker name="Soldier002">
		<group name="Soldier002_NF_01" near_radius="2.5" middle_radius="5.0" time_btw_series="60.000000" random_order="true">    <!-- Converted-->
			<state type="near" range="27.04" volume="1.000000">    <!-- Converted-->
				<dialog>
					<line id="Arena_D_Guard_01"/>
				</dialog>
				<dialog>
					<line id="Arena_D_Guard_02"/>
				</dialog>
				<dialog>
					<line id="Arena_D_Guard_03"/>
				</dialog>
				<dialog>
					<line id="Arena_D_Guard_04"/>
				</dialog>
				<dialog>
					<line id="Arena_D_Guard_05"/>
				</dialog>
			</state>
		</group>
	</speaker>
	<speaker name="Soldier003">
		<group name="Soldier003_NF_01" near_radius="2.5" middle_radius="5.0" time_btw_series="60.000000" random_order="true">    <!-- Converted-->
			<state type="near" range="25.0" volume="1.000000">    <!-- Converted-->
				<dialog>
					<line id="Arena_A_Guard_01"/>
				</dialog>
				<dialog>
					<line id="Arena_A_Guard_02"/>
				</dialog>
				<dialog>
					<line id="Arena_A_Guard_03"/>
				</dialog>
				<dialog>
					<line id="Arena_A_Guard_04"/>
				</dialog>
				<dialog>
					<line id="Arena_A_Guard_05"/>
				</dialog>
			</state>
		</group>
	</speaker>
	<speaker name="Soldier004">
		<group name="Soldier004_NF_01" near_radius="2.5" middle_radius="5.0" time_btw_series="60.000000" random_order="true">    <!-- Converted-->
			<state type="near" range="26.01" volume="1.000000">    <!-- Converted-->
				<dialog>
					<line id="Arena_B_Guard_01"/>
				</dialog>
				<dialog>
					<line id="Arena_B_Guard_02"/>
				</dialog>
				<dialog>
					<line id="Arena_B_Guard_03"/>
				</dialog>
				<dialog>
					<line id="Arena_B_Guard_04"/>
				</dialog>
				<dialog>
					<line id="Arena_B_Guard_05"/>
				</dialog>
			</state>
		</group>
	</speaker>
	<speaker name="Soldier005">
		<group name="Soldier005_NF_01" near_radius="2.5" middle_radius="6.0" time_btw_series="60.000000" random_order="true">    <!-- Converted-->
			<state type="near" range="25.0" volume="1.000000">    <!-- Converted-->
				<dialog>
					<line id="MajorDixon_Near_01"/>
				</dialog>
				<dialog>
					<line id="MajorDixon_Near_02"/>
				</dialog>
				<dialog>
					<line id="MajorDixon_Near_03"/>
				</dialog>
				<dialog>
					<line id="MajorDixon_Near_04"/>
				</dialog>
				<dialog>
					<line id="MajorDixon_Near_05"/>
				</dialog>
				<dialog>
					<line id="MajorDixon_Near_06"/>
				</dialog>
				<dialog>
					<line id="MajorDixon_Near_07"/>
				</dialog>
				<dialog>
					<line id="MajorDixon_Near_08"/>
				</dialog>
				<dialog>
					<line id="MajorDixon_Near_09"/>
				</dialog>
				<dialog>
					<line id="MajorDixon_Near_10"/>
				</dialog>
				<dialog>
					<line id="MajorDixon_Near_11"/>
				</dialog>
				<dialog>
					<line id="MajorDixon_Near_12"/>
				</dialog>
				<dialog>
					<line id="MajorDixon_Near_13"/>
				</dialog>
				<dialog>
					<line id="MajorDixon_Near_14"/>
				</dialog>
				<dialog>
					<line id="MajorDixon_Near_15"/>
				</dialog>
				<dialog>
					<line id="MajorDixon_Near_16"/>
				</dialog>
				<dialog>
					<line id="MajorDixon_Near_17"/>
				</dialog>
			</state>
		</group>
	</speaker>
	<speaker name="Soldier006">
		<group name="Soldier006_NF_01" near_radius="3.0" time_btw_series="60.000000">    <!-- Converted-->
			<state type="near" range="25.0" volume="1.000000">    <!-- Converted-->
				<dialog>
					<line id="BigScaryGuy_Near_01"/>
				</dialog>
				<dialog>
					<line id="BigScaryGuy_Near_02"/>
				</dialog>
				<dialog>
					<line id="BigScaryGuy_Near_03"/>
				</dialog>
				<dialog>
					<line id="BigScaryGuy_Near_04"/>
				</dialog>
			</state>
		</group>
	</speaker>
	<speaker name="Soldier007">
		<group name="Soldier007_NF_01" near_radius="1.5" middle_radius="5.5" random_order="true">    <!-- Converted-->
			<state type="near" range="25.0" volume="1.000000">    <!-- Converted-->
				<dialog>
					<line id="Soldier3_Near_01"/>
				</dialog>
				<dialog>
					<line id="Soldier3_Near_02"/>
				</dialog>
				<dialog>
					<line id="Soldier3_Near_03"/>
				</dialog>
				<dialog>
					<line id="Soldier3_Near_04"/>
				</dialog>
				<dialog>
					<line id="Soldier3_Near_05"/>
				</dialog>
				<dialog>
					<line id="Soldier3_Near_06"/>
				</dialog>
				<dialog>
					<line id="Soldier3_Near_07"/>
				</dialog>
				<dialog>
					<line id="Soldier3_Near_08"/>
				</dialog>
				<dialog>
					<line id="Soldier3_Near_09"/>
				</dialog>
			</state>
		</group>
	</speaker>
	<speaker name="Soldier008">
		<group name="Soldier008_NF_01" near_radius="1.5" middle_radius="5.5" time_btw_series="60.000000" random_order="true">    <!-- Converted-->
			<state type="near" range="25.0" volume="1.000000">    <!-- Converted-->
				<dialog>
					<line id="Soldier1_Near_01"/>
				</dialog>
				<dialog>
					<line id="Soldier1_Near_02"/>
				</dialog>
				<dialog>
					<line id="Soldier1_Near_03"/>
				</dialog>
				<dialog>
					<line id="Soldier1_Near_04"/>
				</dialog>
				<dialog>
					<line id="Soldier1_Near_05"/>
				</dialog>
				<dialog>
					<line id="Soldier1_Near_06"/>
				</dialog>
				<dialog>
					<line id="Soldier1_Near_07"/>
				</dialog>
				<dialog>
					<line id="Soldier1_Near_08"/>
				</dialog>
				<dialog>
					<line id="Soldier1_Near_09"/>
				</dialog>
			</state>
		</group>
	</speaker>
	<speaker name="Soldier009">
		<group name="Soldier009_NF_01" near_radius="2.0" middle_radius="5.5" time_btw_series="60.000000" random_order="true">    <!-- Converted-->
			<state type="near" range="25.0" volume="1.000000">    <!-- Converted-->
				<dialog>
					<line id="Main_Entrance_Guard_01"/>
				</dialog>
				<dialog>
					<line id="Main_Entrance_Guard_02"/>
				</dialog>
				<dialog>
					<line id="Main_Entrance_Guard_03"/>
				</dialog>
				<dialog>
					<line id="Main_Entrance_Guard_04"/>
				</dialog>
				<dialog>
					<line id="Main_Entrance_Guard_05"/>
				</dialog>
				<dialog>
					<line id="Main_Entrance_Guard_06"/>
				</dialog>
				<dialog>
					<line id="Main_Entrance_Guard_07"/>
				</dialog>
			</state>
		</group>
	</speaker>
	<speaker name="Soldier010">
		<group name="Soldier010_NF_01" middle_radius="5.5" time_btw_series="60.000000" random_order="true">    <!-- Converted-->
			<state type="near" range="25.0" volume="1.000000">    <!-- Converted-->
				<dialog>
					<line id="Soldier2_Near_01"/>
				</dialog>
				<dialog>
					<line id="Soldier2_Near_02"/>
				</dialog>
				<dialog>
					<line id="Soldier2_Near_03"/>
				</dialog>
				<dialog>
					<line id="Soldier2_Near_04"/>
				</dialog>
				<dialog>
					<line id="Soldier2_Near_05"/>
				</dialog>
				<dialog>
					<line id="Soldier2_Near_06"/>
				</dialog>
				<dialog>
					<line id="Soldier2_Near_07"/>
				</dialog>
				<dialog>
					<line id="Soldier2_Near_08"/>
				</dialog>
				<dialog>
					<line id="Soldier2_Near_09"/>
				</dialog>
			</state>
		</group>
	</speaker>
</speakers>

